"id","user_id","status","amount","product_id","coins_earned","created_at","updated_at","deleted_at","products"
"1","3d53896f-1838-488c-b604-c941d53d901a","SUCCEEDED","49000","1","0","2022-12-19T00:29:25.668+08:00","2022-12-19T15:07:50.235+08:00","","[object Object]"
"2","974b6874-be2f-4add-a564-f3514a0cc170","SUCCEEDED","49000","1","0","2022-12-19T02:18:48.32+08:00","2022-12-19T15:49:49.484+08:00","","[object Object]"
"3","974b6874-be2f-4add-a564-f3514a0cc170","SUCCEEDED","49000","1","0","2022-12-19T07:03:24.676+08:00","2022-12-19T07:04:37.39+08:00","","[object Object]"
"4","974b6874-be2f-4add-a564-f3514a0cc170","SUCCEEDED","49000","1","0","2022-12-19T10:27:52.645+08:00","2022-12-19T23:39:47.656+08:00","","[object Object]"
"5","3d53896f-1838-488c-b604-c941d53d901a","SUCCEEDED","51500","8","0","2022-12-19T13:51:00.557+08:00","2022-12-20T00:49:13.4+08:00","","[object Object]"
"6","3d53896f-1838-488c-b604-c941d53d901a","SUCCEEDED","51500","8","0","2022-12-19T14:41:27.739+08:00","2022-12-19T14:44:01.633+08:00","","[object Object]"
"7","3d53896f-1838-488c-b604-c941d53d901a","SUCCEEDED","21500","10","0","2022-12-19T14:56:53.879+08:00","2022-12-19T15:03:40.872+08:00","","[object Object]"
"8","3d53896f-1838-488c-b604-c941d53d901a","PENDING","40000","14","0","2022-12-19T15:37:59.638+08:00","2022-12-19T15:37:59.638+08:00","","[object Object]"
"9","3d53896f-1838-488c-b604-c941d53d901a","PENDING","40000","14","0","2022-12-19T15:40:51.067+08:00","2022-12-19T15:40:51.067+08:00","","[object Object]"
"10","3d53896f-1838-488c-b604-c941d53d901a","SUCCEEDED","40000","14","0","2022-12-19T15:51:02.543+08:00","2022-12-20T13:32:14.378+08:00","","[object Object]"
"11","974b6874-be2f-4add-a564-f3514a0cc170","PENDING","11500","4","0","2022-12-19T20:38:58.65+08:00","2022-12-19T20:38:58.65+08:00","","[object Object]"
"12","974b6874-be2f-4add-a564-f3514a0cc170","SUCCEEDED","11500","4","0","2022-12-19T22:24:32.244+08:00","2022-12-21T13:10:15.82+08:00","","[object Object]"
"13","3d53896f-1838-488c-b604-c941d53d901a","PENDING","40000","14","0","2022-12-19T23:13:38.372+08:00","2022-12-19T23:13:38.372+08:00","","[object Object]"
"14","974b6874-be2f-4add-a564-f3514a0cc170","PENDING","49000","1","0","2022-12-19T23:24:10.373+08:00","2022-12-19T23:24:10.373+08:00","","[object Object]"
"15","974b6874-be2f-4add-a564-f3514a0cc170","PENDING","49000","1","0","2022-12-19T23:24:36.888+08:00","2022-12-19T23:24:36.888+08:00","","[object Object]"
"16","974b6874-be2f-4add-a564-f3514a0cc170","PENDING","49000","1","0","2022-12-19T23:25:13.87+08:00","2022-12-19T23:25:13.87+08:00","","[object Object]"
"17","974b6874-be2f-4add-a564-f3514a0cc170","PENDING","49000","1","0","2022-12-19T23:27:15.527+08:00","2022-12-19T23:27:15.527+08:00","","[object Object]"
"18","974b6874-be2f-4add-a564-f3514a0cc170","PENDING","10000","12","0","2022-12-19T23:33:22.724+08:00","2022-12-19T23:33:22.724+08:00","","[object Object]"
"19","974b6874-be2f-4add-a564-f3514a0cc170","PENDING","21500","9","0","2022-12-19T23:35:11.55+08:00","2022-12-19T23:35:11.55+08:00","","[object Object]"
"20","974b6874-be2f-4add-a564-f3514a0cc170","PENDING","21500","9","0","2022-12-19T23:35:34.356+08:00","2022-12-19T23:35:34.356+08:00","","[object Object]"
"21","974b6874-be2f-4add-a564-f3514a0cc170","PENDING","21500","10","0","2022-12-19T23:36:57.614+08:00","2022-12-19T23:36:57.614+08:00","","[object Object]"
"22","974b6874-be2f-4add-a564-f3514a0cc170","PENDING","21500","10","0","2022-12-19T23:37:25.807+08:00","2022-12-19T23:37:25.807+08:00","","[object Object]"
"23","974b6874-be2f-4add-a564-f3514a0cc170","PENDING","110000","2","0","2022-12-19T23:41:33.185+08:00","2022-12-19T23:41:33.185+08:00","","[object Object]"
"24","974b6874-be2f-4add-a564-f3514a0cc170","SUCCEEDED","110000","2","0","2022-12-19T23:42:10.479+08:00","2022-12-19T23:48:12.13+08:00","","[object Object]"
"25","974b6874-be2f-4add-a564-f3514a0cc170","PENDING","11500","4","0","2022-12-20T00:06:55.421+08:00","2022-12-20T00:06:55.421+08:00","","[object Object]"
"26","974b6874-be2f-4add-a564-f3514a0cc170","PENDING","11500","4","0","2022-12-20T00:08:58.471+08:00","2022-12-20T00:08:58.471+08:00","","[object Object]"
"27","974b6874-be2f-4add-a564-f3514a0cc170","PENDING","11500","4","0","2022-12-20T00:09:43.647+08:00","2022-12-20T00:09:43.647+08:00","","[object Object]"
"28","974b6874-be2f-4add-a564-f3514a0cc170","PENDING","11500","4","0","2022-12-20T00:10:28.188+08:00","2022-12-20T00:10:28.188+08:00","","[object Object]"
"29","974b6874-be2f-4add-a564-f3514a0cc170","PENDING","49000","1","0","2022-12-20T00:12:33.064+08:00","2022-12-20T00:12:33.064+08:00","","[object Object]"
"30","974b6874-be2f-4add-a564-f3514a0cc170","PENDING","49000","1","0","2022-12-20T00:12:52.545+08:00","2022-12-20T00:12:52.545+08:00","","[object Object]"
"31","974b6874-be2f-4add-a564-f3514a0cc170","PENDING","49000","1","0","2022-12-20T00:15:56.798+08:00","2022-12-20T00:15:56.798+08:00","","[object Object]"
"32","974b6874-be2f-4add-a564-f3514a0cc170","PENDING","49000","1","0","2022-12-20T00:16:18.047+08:00","2022-12-20T00:16:18.047+08:00","","[object Object]"
"33","974b6874-be2f-4add-a564-f3514a0cc170","SUCCEEDED","49000","1","0","2022-12-20T00:16:42.952+08:00","2022-12-20T00:16:53.055+08:00","","[object Object]"
"34","974b6874-be2f-4add-a564-f3514a0cc170","PENDING","49000","1","0","2022-12-20T00:17:11.237+08:00","2022-12-20T00:17:11.237+08:00","","[object Object]"
"35","974b6874-be2f-4add-a564-f3514a0cc170","SUCCEEDED","55000","11","0","2022-12-20T00:18:18.625+08:00","2022-12-20T00:18:23.782+08:00","","[object Object]"
"36","974b6874-be2f-4add-a564-f3514a0cc170","PENDING","55000","11","0","2022-12-20T00:18:39.437+08:00","2022-12-20T00:18:39.437+08:00","","[object Object]"
"37","974b6874-be2f-4add-a564-f3514a0cc170","SUCCEEDED","55000","11","0","2022-12-20T00:18:48.575+08:00","2022-12-20T00:18:53.928+08:00","","[object Object]"
"38","974b6874-be2f-4add-a564-f3514a0cc170","SUCCEEDED","11500","4","0","2022-12-20T00:25:38.782+08:00","2022-12-20T00:25:44.378+08:00","","[object Object]"
"39","974b6874-be2f-4add-a564-f3514a0cc170","PENDING","11500","4","0","2022-12-20T00:25:54.508+08:00","2022-12-20T00:25:54.508+08:00","","[object Object]"
"40","974b6874-be2f-4add-a564-f3514a0cc170","SUCCEEDED","11500","4","0","2022-12-20T00:27:42.423+08:00","2022-12-20T00:27:45.986+08:00","","[object Object]"
"41","974b6874-be2f-4add-a564-f3514a0cc170","SUCCEEDED","11500","4","0","2022-12-20T00:28:10.812+08:00","2022-12-20T00:28:14.225+08:00","","[object Object]"
"42","974b6874-be2f-4add-a564-f3514a0cc170","SUCCEEDED","51500","8","0","2022-12-20T00:31:04.548+08:00","2022-12-20T00:31:08.023+08:00","","[object Object]"
"43","974b6874-be2f-4add-a564-f3514a0cc170","PENDING","110000","2","0","2022-12-20T00:32:08.789+08:00","2022-12-20T00:32:08.789+08:00","","[object Object]"
"44","974b6874-be2f-4add-a564-f3514a0cc170","SUCCEEDED","110000","2","0","2022-12-20T00:32:17.414+08:00","2022-12-20T00:32:20.952+08:00","","[object Object]"
"45","974b6874-be2f-4add-a564-f3514a0cc170","SUCCEEDED","137500","3","0","2022-12-20T00:55:01.073+08:00","2022-12-20T00:55:07.116+08:00","","[object Object]"
"46","3d53896f-1838-488c-b604-c941d53d901a","SUCCEEDED","21500","10","0","2022-12-20T16:54:47.252+08:00","2022-12-20T16:58:34.339+08:00","","[object Object]"
"47","3d53896f-1838-488c-b604-c941d53d901a","PENDING","49000","1","0","2022-12-20T18:17:02.021+08:00","2022-12-20T18:17:02.021+08:00","","[object Object]"
"48","3d53896f-1838-488c-b604-c941d53d901a","PENDING","49000","1","0","2022-12-20T18:26:54.777+08:00","2022-12-20T18:26:54.777+08:00","","[object Object]"
"49","3d53896f-1838-488c-b604-c941d53d901a","PENDING","49000","1","0","2022-12-20T18:26:58.308+08:00","2022-12-20T18:26:58.308+08:00","","[object Object]"
"50","3d53896f-1838-488c-b604-c941d53d901a","PENDING","49000","1","0","2022-12-20T18:26:58.626+08:00","2022-12-20T18:26:58.626+08:00","","[object Object]"
"51","3d53896f-1838-488c-b604-c941d53d901a","PENDING","49000","1","0","2022-12-20T18:30:20.075+08:00","2022-12-20T18:30:20.075+08:00","","[object Object]"
"52","3d53896f-1838-488c-b604-c941d53d901a","PENDING","49000","1","0","2022-12-20T20:13:06.187+08:00","2022-12-20T20:13:06.187+08:00","","[object Object]"
"53","3d53896f-1838-488c-b604-c941d53d901a","PENDING","49000","1","0","2022-12-20T20:15:27.474+08:00","2022-12-20T20:15:27.474+08:00","","[object Object]"
"54","3d53896f-1838-488c-b604-c941d53d901a","PENDING","49000","1","0","2022-12-20T21:29:53.138+08:00","2022-12-20T21:29:53.138+08:00","","[object Object]"
"55","3d53896f-1838-488c-b604-c941d53d901a","PENDING","49000","1","0","2022-12-20T22:20:57.897+08:00","2022-12-20T22:20:57.897+08:00","","[object Object]"
"56","974b6874-be2f-4add-a564-f3514a0cc170","PENDING","49000","1","0","2022-12-20T22:44:13.213+08:00","2022-12-20T22:44:13.213+08:00","","[object Object]"
"57","974b6874-be2f-4add-a564-f3514a0cc170","SUCCEEDED","49000","1","0","2022-12-20T22:45:34.335+08:00","2022-12-20T22:45:50.765+08:00","","[object Object]"
"58","974b6874-be2f-4add-a564-f3514a0cc170","SUCCEEDED","49000","1","0","2022-12-20T22:49:12.735+08:00","2022-12-20T22:50:13.458+08:00","","[object Object]"
"59","36e5f534-6c48-4045-9109-0c8dbc7e62f7","SUCCEEDED","49000","1","0","2022-12-20T22:50:35.009+08:00","2022-12-20T22:50:52.158+08:00","","[object Object]"
"60","3d53896f-1838-488c-b604-c941d53d901a","PENDING","49000","1","0","2022-12-21T02:55:27.214+08:00","2022-12-21T02:55:27.214+08:00","","[object Object]"
"61","974b6874-be2f-4add-a564-f3514a0cc170","SUCCEEDED","49000","1","0","2022-12-21T03:06:23.038+08:00","2022-12-21T03:06:30.523+08:00","","[object Object]"
"62","974b6874-be2f-4add-a564-f3514a0cc170","SUCCEEDED","137500","3","0","2022-12-21T13:12:34.744+08:00","2022-12-21T13:12:40.226+08:00","","[object Object]"
"63","974b6874-be2f-4add-a564-f3514a0cc170","SUCCEEDED","137500","3","0","2022-12-21T13:13:13.499+08:00","2022-12-21T13:13:17.459+08:00","","[object Object]"
"64","974b6874-be2f-4add-a564-f3514a0cc170","SUCCEEDED","137500","3","0","2022-12-21T13:13:27.035+08:00","2022-12-21T13:13:30.458+08:00","","[object Object]"
"65","974b6874-be2f-4add-a564-f3514a0cc170","SUCCEEDED","137500","3","0","2022-12-21T13:13:56.747+08:00","2022-12-21T13:14:00.599+08:00","","[object Object]"
"66","974b6874-be2f-4add-a564-f3514a0cc170","PENDING","51500","8","0","2022-12-21T13:14:44.363+08:00","2022-12-21T13:14:44.363+08:00","","[object Object]"
"67","974b6874-be2f-4add-a564-f3514a0cc170","PENDING","51500","8","0","2022-12-21T13:14:47.387+08:00","2022-12-21T13:14:47.387+08:00","","[object Object]"
"68","974b6874-be2f-4add-a564-f3514a0cc170","SUCCEEDED","51500","8","0","2022-12-21T13:14:54.628+08:00","2022-12-21T13:14:58.902+08:00","","[object Object]"
"69","974b6874-be2f-4add-a564-f3514a0cc170","SUCCEEDED","49000","1","0","2022-12-21T16:51:38.712+08:00","2022-12-21T16:51:48.916+08:00","","[object Object]"
"70","974b6874-be2f-4add-a564-f3514a0cc170","SUCCEEDED","21500","9","0","2022-12-21T16:54:01.752+08:00","2022-12-21T16:54:07.184+08:00","","[object Object]"
"71","974b6874-be2f-4add-a564-f3514a0cc170","SUCCEEDED","21500","9","0","2022-12-21T16:56:39.08+08:00","2022-12-21T16:56:44.695+08:00","","[object Object]"
"72","974b6874-be2f-4add-a564-f3514a0cc170","SUCCEEDED","21500","9","0","2022-12-21T16:58:06.678+08:00","2022-12-21T16:58:11.858+08:00","","[object Object]"
"73","974b6874-be2f-4add-a564-f3514a0cc170","PENDING","21500","9","0","2022-12-21T17:06:57.009+08:00","2022-12-21T17:06:57.009+08:00","","[object Object]"
"74","974b6874-be2f-4add-a564-f3514a0cc170","SUCCEEDED","51500","8","0","2022-12-21T17:08:10.159+08:00","2022-12-21T17:08:16.569+08:00","","[object Object]"
"75","974b6874-be2f-4add-a564-f3514a0cc170","SUCCEEDED","49000","1","0","2022-12-21T17:15:01.465+08:00","2022-12-21T17:15:11.412+08:00","","[object Object]"
"76","974b6874-be2f-4add-a564-f3514a0cc170","PENDING","49000","1","0","2022-12-21T17:28:14.319+08:00","2022-12-21T17:28:14.319+08:00","","[object Object]"
"77","974b6874-be2f-4add-a564-f3514a0cc170","SUCCEEDED","49000","1","0","2022-12-21T17:28:47.031+08:00","2022-12-21T17:28:57.395+08:00","","[object Object]"
"78","0796e5b4-695d-4e88-908d-72693807df24","SUCCEEDED","110000","2","0","2022-12-21T19:30:25.857+08:00","2022-12-21T19:30:31.712+08:00","","[object Object]"
"79","0796e5b4-695d-4e88-908d-72693807df24","SUCCEEDED","137500","3","0","2022-12-21T19:31:04.315+08:00","2022-12-21T19:31:08.728+08:00","","[object Object]"
"80","0796e5b4-695d-4e88-908d-72693807df24","PENDING","137500","3","0","2022-12-21T19:32:08.651+08:00","2022-12-21T19:32:08.651+08:00","","[object Object]"
"81","0796e5b4-695d-4e88-908d-72693807df24","SUCCEEDED","137500","3","0","2022-12-21T19:32:18.788+08:00","2022-12-21T19:32:27.197+08:00","","[object Object]"
"82","0796e5b4-695d-4e88-908d-72693807df24","SUCCEEDED","137500","3","0","2022-12-21T19:33:54.83+08:00","2022-12-21T19:34:01.072+08:00","","[object Object]"
"83","36e5f534-6c48-4045-9109-0c8dbc7e62f7","SUCCEEDED","49000","1","0","2022-12-21T20:16:45.118+08:00","2022-12-21T20:17:53.559+08:00","","[object Object]"
"84","0796e5b4-695d-4e88-908d-72693807df24","SUCCEEDED","49000","1","0","2022-12-21T20:45:50.894+08:00","2022-12-21T20:46:02.741+08:00","","[object Object]"